{
  "approach": "ddns",
  "protocol": "unseen",
  "theta_star_deg": 60.0,
  "cfg": {
    "optimizer": "adam",
    "lr": 4.2123162503e-05,
    "weight_decay": 3.1582563297e-05,
    "batch_size": 64,
    "hidden_layers": [
      128,
      64,
      32
    ],
    "dropout": 0.016401,
    "softplus_beta": 18.9027,
    "smoothl1_beta": 1.0838,
    "w_data_load": 3.568932,
    "w_data_energy": 3.451798,
    "w_phys": 0.0,
    "w_bc": 0.0,
    "colloc_ratio": 0.0,
    "epochs": 800,
    "eval_every": 25,
    "earlystop_patience_evals": 15,
    "earlystop_min_delta": 1e-05,
    "sched_patience": 58,
    "sched_factor": 0.4589
  },
  "n_ensemble_requested": 20,
  "M_total": 20,
  "M_eff": 18,
  "convergence_fence": 0.5288124215780035,
  "member_indices": [
    0,
    1,
    2,
    3,
    4,
    6,
    7,
    8,
    9,
    10,
    11,
    12,
    13,
    14,
    15,
    16,
    18,
    19
  ],
  "per_member_load_r2": [
    0.7706172079863935,
    0.7098990249674625,
    0.7621020123033645,
    0.6755545621389232,
    0.7211056844389132,
    0.7115766462013238,
    0.6555125446989891,
    0.7043197847261231,
    0.6453158682211665,
    0.6947860923639433,
    0.6444405057330103,
    0.6783959662686544,
    0.7135704331349703,
    0.6792957572755239,
    0.742769178141081,
    0.7105185167444563,
    0.6717994053542004,
    0.6921122835061748
  ],
  "per_member_energy_r2": [
    0.9703447146304851,
    0.978804030717232,
    0.9626460775639133,
    0.9823997483478221,
    0.9844547616985405,
    0.9748113430176921,
    0.9778972964154293,
    0.9756405172509537,
    0.9761852779434855,
    0.9720701149369821,
    0.9717788049849094,
    0.9780070079253947,
    0.9742862577219004,
    0.970331275726827,
    0.9758554243800855,
    0.9874401859282567,
    0.965927823030022,
    0.9796846536671108
  ],
  "mean_load_r2": 0.6990939707891486,
  "std_load_r2": 0.035026015330070395,
  "min_load_r2": 0.6444405057330103,
  "max_load_r2": 0.7706172079863935,
  "ensemble_load_r2": 0.7174597198785259,
  "ensemble_energy_r2": 0.9802994173739263,
  "avg_training_time_s": 165.0108309454388,
  "cumulative_train_s": 2970.1949570178986,
  "failed_members": [],
  "missing_member_idx": []
}
