{
  "approach": "soft",
  "protocol": "unseen",
  "theta_star_deg": 60.0,
  "cfg": {
    "optimizer": "adam",
    "lr": 0.0080733040807,
    "weight_decay": 0.00068420377257,
    "batch_size": 64,
    "hidden_layers": [
      256,
      128
    ],
    "dropout": 0.007671,
    "softplus_beta": 12.0831,
    "smoothl1_beta": 1.0266,
    "w_data_load": 2.969519,
    "w_data_energy": 0.95304,
    "w_phys": 0.519484,
    "w_bc": 0.599104,
    "colloc_ratio": 3.670053,
    "w_monotonicity": 4.09705,
    "w_angle_smooth": 0.019446,
    "smooth_delta_deg": 2.6603,
    "extrapolate_angles": true,
    "epochs": 800,
    "eval_every": 25,
    "earlystop_patience_evals": 15,
    "earlystop_min_delta": 1e-05,
    "sched_patience": 55,
    "sched_factor": 0.4574
  },
  "n_ensemble_requested": 20,
  "M_total": 20,
  "M_eff": 20,
  "convergence_fence": 0.5673354640252952,
  "member_indices": [
    0,
    1,
    2,
    3,
    4,
    5,
    6,
    7,
    8,
    9,
    10,
    11,
    12,
    13,
    14,
    15,
    16,
    17,
    18,
    19
  ],
  "per_member_load_r2": [
    0.7720550001274917,
    0.78027311286519,
    0.771832428035828,
    0.8119757060308069,
    0.8333061790856249,
    0.7447660871528994,
    0.7698444701722122,
    0.7462590467713163,
    0.735141666321927,
    0.758331880254399,
    0.7502487362587644,
    0.7292740598833507,
    0.7945265854526854,
    0.8065156217571572,
    0.755503356886865,
    0.7865477477480134,
    0.7863181639123361,
    0.8039509658026186,
    0.7732691125667298,
    0.7285143626414077
  ],
  "per_member_energy_r2": [
    0.985569229524553,
    0.9889590974696494,
    0.985782791150085,
    0.9884217914309492,
    0.9912546893966707,
    0.9861089357176017,
    0.9901799821530907,
    0.9880559098878455,
    0.9883145381216052,
    0.9853404485901239,
    0.98721903146786,
    0.9934150048841197,
    0.9888002131852119,
    0.995624809540703,
    0.9853996960507659,
    0.9848687826294228,
    0.9893545488610312,
    0.9863893701397318,
    0.992751832632815,
    0.9893769628323348
  ],
  "mean_load_r2": 0.7719227144863812,
  "std_load_r2": 0.02826553035352244,
  "min_load_r2": 0.7285143626414077,
  "max_load_r2": 0.8333061790856249,
  "ensemble_load_r2": 0.7875080359122851,
  "ensemble_energy_r2": 0.9910660227119569,
  "avg_training_time_s": 1416.8221725463868,
  "cumulative_train_s": 28336.443450927734,
  "failed_members": [],
  "missing_member_idx": []
}
