{
  "approach": "hard",
  "protocol": "unseen",
  "theta_star_deg": 60.0,
  "cfg": {
    "optimizer": "adam",
    "lr": 9.9507487403e-05,
    "weight_decay": 0.0037459350574,
    "batch_size": 8,
    "hidden_layers": [
      128,
      64
    ],
    "dropout": 0.005504,
    "softplus_beta": 11.6712,
    "smoothl1_beta": 0.1176,
    "w_load": 6.8031,
    "w_energy": 8.6549,
    "grad_clip": 0.9834,
    "w_monotonicity": 7.719974,
    "w_angle_smooth": 0.016094,
    "w_curvature": 0.001285,
    "smooth_delta_deg": 1.9329,
    "colloc_ratio": 3.5795,
    "extrapolate_angles": true,
    "epochs": 800,
    "eval_every": 20,
    "earlystop_patience_evals": 20,
    "earlystop_min_delta": 1e-05,
    "sched_patience": 73,
    "sched_factor": 0.37,
    "warmup_epochs": 80,
    "swa_pct": 0.2,
    "eta_min": 1e-06
  },
  "n_ensemble_requested": 20,
  "M_total": 20,
  "M_eff": 20,
  "convergence_fence": 0.47785718070941297,
  "member_indices": [
    0,
    1,
    2,
    3,
    4,
    5,
    6,
    7,
    8,
    9,
    10,
    11,
    12,
    13,
    14,
    15,
    16,
    17,
    18,
    19
  ],
  "per_member_load_r2": [
    0.849561248284723,
    0.8008877187661216,
    0.8603644833851358,
    0.7970347255350346,
    0.8334040966853681,
    0.7639784201592558,
    0.8569242156268329,
    0.7678230249392053,
    0.7727402173576192,
    0.7898480266239452,
    0.8183711407474542,
    0.7944982925082564,
    0.8165337462673181,
    0.7773146952409523,
    0.7711212012265171,
    0.8228900070625602,
    0.7994411165754668,
    0.801348346432402,
    0.8118042442706914,
    0.7859695333434361
  ],
  "per_member_energy_r2": [
    0.9886236012405925,
    0.980782291611636,
    0.9866110609305927,
    0.9847765612842928,
    0.9831003128839971,
    0.9832197606831489,
    0.9910209994243608,
    0.9915003308605428,
    0.986703539521851,
    0.9830400377648816,
    0.9854200560032289,
    0.9921919822136586,
    0.986388626941636,
    0.9855079653675441,
    0.9857467712330227,
    0.9836977447507824,
    0.9857385887999649,
    0.9857695303293655,
    0.9925191756023856,
    0.987547838191572
  ],
  "mean_load_r2": 0.8045929250519148,
  "std_load_r2": 0.02835062393269768,
  "min_load_r2": 0.7639784201592558,
  "max_load_r2": 0.8603644833851358,
  "ensemble_load_r2": 0.8217321431791855,
  "ensemble_energy_r2": 0.988808891066305,
  "avg_training_time_s": 14401.66651147604,
  "cumulative_train_s": 288033.3302295208,
  "failed_members": [],
  "missing_member_idx": []
}
