row_index,y_true_lc,y_pred_lc,p_lc2_cv
0,LC1,LC2,0.5783887197576312
1,LC1,LC1,0.3766987678376322
2,LC1,LC2,0.7065863523331317
3,LC1,LC1,0.33083253200862756
4,LC1,LC1,0.3162521873036769
5,LC1,LC2,0.6184739437956841
6,LC2,LC1,0.2562909247954552
7,LC2,LC1,0.3087748436443486
8,LC2,LC1,0.36272626121199975
9,LC2,LC2,0.7090963398315198
10,LC2,LC2,0.6790477465597584
11,LC2,LC2,0.774545428140042
