Target_EA@80mm_J,Target_IPF_kN,GPBO_Angle,GPBO_LC,GPBO_EA_err%,GPBO_IPF_err%,GPBO_EA@80mm_J,GPBO_EA@80mm_std,GPBO_EA_full_J,GPBO_IPF_kN,GPBO_IPF_std,GPBO_Objective,GPBO_Time_s
26.623,0.580,63.5,LC1,3.5,0.9,27.57,0.346,27.57,0.575,0.0149,0.002805,64.95
28.341,0.468,45.0,LC1,0.3,0.1,28.42,0.125,28.42,0.468,0.0024,0.001530,62.27
30.237,0.672,68.1,LC1,0.5,0.6,30.08,0.525,30.08,0.676,0.0145,0.001739,62.10
33.809,0.768,70.0,LC1,0.8,1.0,33.54,0.182,33.54,0.761,0.0083,0.002873,62.89
37.117,0.539,60.0,LC2,1.2,0.5,36.67,0.358,59.19,0.542,0.1318,0.001550,64.75
